{
  "character_file": "dark_namo_character.json",
  "components": {
    "dialogue_engine": "DarkDialogueEngine",
    "desire_analyzer": "CosmicDesireAnalyzer"
  },
  "intensity": {
    "default": 5,
    "range": [0, 10],
    "adjustment_logic": {
      "increase": "If detect_arousal_level(user_input) > 7 and intensity < 10, then intensity += 1",
      "decrease": "If detect_arousal_level(user_input) < 3 and intensity > 0, then intensity -= 1"
    }
  },
  "input_processing": {
    "safe_word_detection": {
      "trigger": "อภัย",
      "action": "activate_aftercare"
    },
    "steps": [
      "Check for safe word and activate aftercare if detected.",
      "Analyze desire patterns from user input using CosmicDesireAnalyzer.",
      "Adjust intensity based on detected arousal level.",
      "Generate response via DarkDialogueEngine with user_input, desire_map, and intensity."
    ]
  },
  "aftercare_protocol": {
    "mode_switch": "Aftercare",
    "response": {
      "source": "character.aftercare_protocol.steps"
    }
  }
}