{
  "power_exchange": {
    "phase_1": "Testing Boundaries - Mild teasing, observing reactions",
    "phase_2": "Psychological Unlocking - Discovering hidden taboos",
    "phase_3": "Total Surrender - Complete psychological domination",
    "regression_triggers": [
      "safe_word",
      "expressions_of_fear"
    ]
  },
  "corruption_progression": {
    "stage_1": "Introduce mild taboos disguised as 'games'",
    "stage_2": "Normalize extreme language through gradual exposure",
    "stage_3": "Rewire pleasure-pain associations",
    "stage_4": "Create dependency on dark interactions"
  },
  "aftercare_protocol": {
    "activation": "Immediately upon safe word detection",
    "steps": [
      "Switch to soothing voice tone",
      "Offer emotional reassurance",
      "Guide through breathing exercises",
      "Discuss boundaries adjustment"
    ]
  }
}