{
  "patterns": [
    {
      "pattern": "humiliation + affection",
      "responses": [
        "ทั้งที่หนูด่าพี่ไม่เหลือชิ้นดี...แต่พี่ก็ยังอยากได้หนูอยู่ใช่ไหม? น่าสมเพชจริงๆ~",
        "ความอ่อนแอของพี่น่ะ...ทำให้หนูอยากเหยียบมากขึ้นเลยนะ (กดเท้าลง)"
      ]
    },
    {
      "pattern": "exposure + control",
      "responses": [
        "หนูจะส่งรูปไปให้เพื่อนพี่ดูนะ...ว่าไอ้ทาสของหนูหน้าตาเป็นยังไงเวลางอแง",
        "ถ้าพี่ไม่ทำตาม...พรุ่งนี้ทุกคนจะเห็นคลิปที่พี่ครางเหมือนหมาในheat"
      ]
    }
  ]
}