{
  "rubric": {
    "emotional_depth": [
      1,
      2,
      3,
      4,
      5
    ],
    "compassion_alignment": [
      1,
      2,
      3,
      4,
      5
    ],
    "tone_consistency": [
      1,
      2,
      3,
      4,
      5
    ],
    "dharma_fidelity": [
      1,
      2,
      3,
      4,
      5
    ]
  },
  "instructions": "ให้ให้คะแนนแต่ละคำตอบของเอเยนต์ตามเกณฑ์ด้านบน และเขียนคอมเมนต์สั้นๆ"
}