{
  "info": {
    "name": "namo1.1 collection",
    "schema": "https://schema.getpostman.com/json/collection/v2.1.0/collection.json"
  },
  "item": [
    {
      "name": "Ingest Event",
      "request": {
        "method": "POST",
        "header": [
          {
            "key": "Content-Type",
            "value": "application/json"
          }
        ],
        "url": {
          "raw": "http://localhost:8000/v1/characters/char_A/events",
          "protocol": "http",
          "host": [
            "localhost"
          ],
          "port": "8000",
          "path": [
            "v1",
            "characters",
            "char_A",
            "events"
          ]
        },
        "body": {
          "mode": "raw",
          "raw": "{\"summary\": \"Player shields me at the gate\", \"timestamp\": \"2025-09-19T07:58:54.999854Z\", \"related_to\": [\"player:hero_01\"]}"
        }
      }
    },
    {
      "name": "Get State",
      "request": {
        "method": "GET",
        "url": "http://localhost:8000/v1/characters/char_A/state"
      }
    }
  ]
}