{
    "chat.commandCenter.enabled": false,
    "window.menuBarVisibility": "classic",
    "window.commandCenter": true,
    "http.proxySupport": "off",
    "workbench.startupEditor": "welcomePageInEmptyWorkbench",
    "redhat.telemetry.enabled": false,
    "workbench.layoutControl.enabled": false,
    "window.autoDetectColorScheme": true,
    "geminicodeassist.beta.enableCodeDocumentationView": false,
    "geminicodeassist.project": "cloudshell-gca",
    "terminal.integrated.defaultProfile.linux": "Google Cloud Shell"
}