{"version":1,"resource":"vscode-userdata:/User/settings.json","entries":[{"id":"FXsV.json","timestamp":1750271145488},{"id":"NAZP.json","timestamp":1750271145511},{"id":"XTnc.json","timestamp":1750271145545},{"id":"hYPI.json","timestamp":1750271145659},{"id":"qEHK.json","timestamp":1750271145698},{"id":"YNdm.json","timestamp":1750271145750},{"id":"LxVc.json","timestamp":1750271145817},{"id":"pown.json","timestamp":1750271145888},{"id":"KGMc.json","timestamp":1750271145929},{"id":"5JiJ.json","timestamp":1750271145967},{"id":"1PMl.json","timestamp":1750271161196},{"id":"0QSa.json","timestamp":1753034404142},{"id":"XlIL.json","timestamp":1753117423974},{"id":"R6k1.json","timestamp":1753118808794},{"id":"qlnB.json","timestamp":1753133403350},{"id":"Gfhy.json","timestamp":1753133403359},{"id":"yMnx.json","timestamp":1753133403369},{"id":"GCro.json","timestamp":1753133403380},{"id":"QqgF.json","timestamp":1753133403389},{"id":"fTxG.json","timestamp":1753133403401},{"id":"wNGu.json","timestamp":1753133413234}]}